customer_segment,total_ltv,avg_ltv
LOW values,4298367.207,347.4270293
MID values,66367810.48,2682.286322
HIGH values,135606968.8,10960.79605
